Timestamp,Pred_X,Pred_Y,Pred_Z,Q_X,Q_Y,Q_Z,Q_W
1653512819.974014044,0.006784089,0.011145506,0.054352280,0.999825120,-0.002771361,0.018171232,-0.003451247
1653512820.041181087,0.006784089,0.011145506,0.054352280,0.999825120,-0.002771361,0.018171232,-0.003451247
1653512820.108040333,0.008776871,0.016908063,0.059011910,0.999805570,-0.002059131,0.019274537,-0.003614231
1653512820.174011230,0.008776871,0.016908063,0.059011910,0.999805570,-0.002059131,0.019274537,-0.003614231
1653512820.253572702,0.010559601,0.018131295,0.065142587,0.999780953,-0.001916576,0.020376202,-0.004378680
1653512820.307587862,0.010559601,0.018131295,0.065142587,0.999780953,-0.001916576,0.020376202,-0.004378680
1653512820.374381781,0.010586292,0.015551904,0.073337026,0.999774098,-0.002676895,0.020703839,-0.003986881
1653512820.440673590,0.010586292,0.015551904,0.073337026,0.999774098,-0.002676895,0.020703839,-0.003986881
1653512820.507613420,0.011778135,0.007008118,0.080576174,0.999770641,-0.004673887,0.020441690,-0.004355025
1653512820.573939562,0.011778135,0.007008118,0.080576174,0.999770641,-0.004673887,0.020441690,-0.004355025
1653512820.640833378,0.017678481,-0.005313013,0.091771573,0.999757051,-0.006871508,0.020451276,-0.004510249
1653512820.707390785,0.017678481,-0.005313013,0.091771573,0.999757051,-0.006871508,0.020451276,-0.004510249
1653512820.774464369,0.028728548,-0.027092008,0.108728610,0.999726832,-0.009286587,0.021312416,-0.002417595
1653512820.840949297,0.028728548,-0.027092008,0.108728610,0.999726832,-0.009286587,0.021312416,-0.002417595
1653512820.907406807,0.044956647,-0.057939008,0.130531102,0.999661922,-0.012355187,0.022782478,0.002093237
1653512820.975776911,0.044956647,-0.057939008,0.130531102,0.999661922,-0.012355187,0.022782478,0.002093237
1653512821.044144869,0.068851344,-0.098025486,0.167602658,0.999523640,-0.015827604,0.025014097,0.008735170
1653512821.107654095,0.068851344,-0.098025486,0.167602658,0.999523640,-0.015827604,0.025014097,0.008735170
1653512821.175495625,0.097433381,-0.141732827,0.211935222,0.999313116,-0.019693911,0.027497772,0.015141923
1653512821.240549326,0.097433381,-0.141732827,0.211935222,0.999313116,-0.019693911,0.027497772,0.015141923
1653512821.308590174,0.130334750,-0.184404865,0.263829857,0.998987734,-0.025643641,0.030549061,0.020801174
1653512821.374742746,0.130334750,-0.184404865,0.263829857,0.998987734,-0.025643641,0.030549061,0.020801174
1653512821.445966959,0.167286485,-0.219157428,0.325850755,0.998660505,-0.031899389,0.033578865,0.023066068
1653512821.508145571,0.167286485,-0.219157428,0.325850755,0.998660505,-0.031899389,0.033578865,0.023066068
1653512821.575905085,0.204671174,-0.238033816,0.387837142,0.998444915,-0.036272202,0.035603825,0.022901330
1653512821.640893459,0.204671174,-0.238033816,0.387837142,0.998444915,-0.036272202,0.035603825,0.022901330
1653512821.708614826,0.240014538,-0.247790471,0.450711608,0.998192370,-0.040961836,0.038147930,0.021882080
1653512821.774208784,0.240014538,-0.247790471,0.450711608,0.998192370,-0.040961836,0.038147930,0.021882080
1653512821.840968847,0.275032848,-0.246475115,0.515530288,0.998068571,-0.043815475,0.039490771,0.019488811
1653512821.908558369,0.275032848,-0.246475115,0.515530288,0.998068571,-0.043815475,0.039490771,0.019488811
1653512821.975950718,0.311761409,-0.234052822,0.587422252,0.998043120,-0.044729762,0.040628403,0.016079791
1653512822.042683601,0.311761409,-0.234052822,0.587422252,0.998043120,-0.044729762,0.040628403,0.016079791
1653512822.108957052,0.349585682,-0.217968509,0.664258718,0.998014092,-0.045736030,0.041536290,0.012283265
1653512822.176400661,0.349585682,-0.217968509,0.664258718,0.998014092,-0.045736030,0.041536290,0.012283265
1653512822.241061449,0.383080125,-0.199490398,0.750403166,0.997940063,-0.046275772,0.043543916,0.008837285
1653512822.307558060,0.383080125,-0.199490398,0.750403166,0.997940063,-0.046275772,0.043543916,0.008837285
1653512822.374436378,0.416896105,-0.183360040,0.846634805,0.997808814,-0.047187030,0.045904346,0.006615230
1653512822.440723658,0.416896105,-0.183360040,0.846634805,0.997808814,-0.047187030,0.045904346,0.006615230
1653512822.508008718,0.450613528,-0.162976578,0.950665295,0.997696161,-0.046695132,0.048831426,0.006114438
1653512822.574147224,0.450613528,-0.162976578,0.950665295,0.997696161,-0.046695132,0.048831426,0.006114438
1653512822.644398451,0.484157830,-0.136816144,1.059420466,0.997636139,-0.044589669,0.051783569,0.007234269
1653512822.707651138,0.484157830,-0.136816144,1.059420466,0.997636139,-0.044589669,0.051783569,0.007234269
1653512822.774382114,0.509251535,-0.111929506,1.152338147,0.997627616,-0.042505190,0.053516202,0.008276032
1653512822.840927124,0.509251535,-0.111929506,1.152338147,0.997627616,-0.042505190,0.053516202,0.008276032
1653512822.907576799,0.528667569,-0.091555826,1.246209145,0.997613311,-0.041121010,0.054604419,0.009751468
1653512822.976459026,0.528667569,-0.091555826,1.246209145,0.997613311,-0.041121010,0.054604419,0.009751468
1653512823.040729761,0.549571395,-0.075813696,1.347974181,0.997624397,-0.041082658,0.053920325,0.012261267
1653512823.107409239,0.549571395,-0.075813696,1.347974181,0.997624397,-0.041082658,0.053920325,0.012261267
1653512823.174751043,0.565012991,-0.068081819,1.449202776,0.997585475,-0.043190431,0.052514728,0.014140598
1653512823.250014544,0.565012991,-0.068081819,1.449202776,0.997585475,-0.043190431,0.052514728,0.014140598
1653512823.309221268,0.577013493,-0.063068926,1.561521769,0.997488916,-0.046304744,0.051344484,0.015345305
1653512823.374339342,0.577013493,-0.063068926,1.561521769,0.997488916,-0.046304744,0.051344484,0.015345305
1653512823.448395729,0.586986780,-0.049485467,1.682046652,0.997368991,-0.049636323,0.050547242,0.015372803
1653512823.508929491,0.586986780,-0.049485467,1.682046652,0.997368991,-0.049636323,0.050547242,0.015372803
1653512823.574589729,0.593453169,-0.023748465,1.796693325,0.997400105,-0.050435930,0.049241375,0.014982816
1653512823.640715837,0.593453169,-0.023748465,1.796693325,0.997400105,-0.050435930,0.049241375,0.014982816
1653512823.707232952,0.595106184,0.014788684,1.918558598,0.997455537,-0.050766278,0.048304755,0.013112578
1653512823.774485350,0.595106184,0.014788684,1.918558598,0.997455537,-0.050766278,0.048304755,0.013112578
1653512823.840898991,0.597224414,0.062339898,2.056326866,0.997626483,-0.050314687,0.046040963,0.009487935
1653512823.909199715,0.597224414,0.062339898,2.056326866,0.997626483,-0.050314687,0.046040963,0.009487935
1653512823.974785089,0.597471714,0.119211234,2.199983597,0.997819602,-0.048453160,0.044515058,0.005176002
1653512824.040499210,0.597471714,0.119211234,2.199983597,0.997819602,-0.048453160,0.044515058,0.005176002
1653512824.107287645,0.593441606,0.176657930,2.346083164,0.997961998,-0.046544407,0.043650694,0.000252710
1653512824.175073385,0.593441606,0.176657930,2.346083164,0.997961998,-0.046544407,0.043650694,0.000252710
1653512824.241208553,0.587843955,0.233472466,2.493863821,0.998102725,-0.044084258,0.042863362,-0.003201462
1653512824.307614326,0.587843955,0.233472466,2.493863821,0.998102725,-0.044084258,0.042863362,-0.003201462
1653512824.374411106,0.581010103,0.276189059,2.644709587,0.998205841,-0.042272031,0.042240642,-0.003734802
1653512824.441324949,0.581010103,0.276189059,2.644709587,0.998205841,-0.042272031,0.042240642,-0.003734802
1653512824.508316278,0.571260989,0.296956509,2.793526649,0.998152435,-0.043230675,0.042485274,-0.004222924
1653512824.575622082,0.571260989,0.296956509,2.793526649,0.998152435,-0.043230675,0.042485274,-0.004222924
1653512824.641423941,0.563035011,0.315962881,2.961690664,0.998126268,-0.043658681,0.042861614,-0.000872818
1653512824.707599640,0.563035011,0.315962881,2.961690664,0.998126268,-0.043658681,0.042861614,-0.000872818
1653512824.776731730,0.553044200,0.328713596,3.135243177,0.998018861,-0.045212649,0.043604355,0.003585166
1653512824.840787888,0.553044200,0.328713596,3.135243177,0.998018861,-0.045212649,0.043604355,0.003585166
1653512824.908487797,0.548721969,0.346352041,3.309863567,0.997928202,-0.046939291,0.043338154,0.007602691
1653512824.974443913,0.548721969,0.346352041,3.309863567,0.997928202,-0.046939291,0.043338154,0.007602691
1653512825.040815830,0.546952069,0.366900623,3.483651161,0.997794926,-0.049049411,0.043648396,0.009711533
1653512825.107818604,0.546952069,0.366900623,3.483651161,0.997794926,-0.049049411,0.043648396,0.009711533
1653512825.175170422,0.546225250,0.392290592,3.656800985,0.997592926,-0.052457064,0.044237588,0.009979990
1653512825.240586758,0.546225250,0.392290592,3.656800985,0.997592926,-0.052457064,0.044237588,0.009979990
1653512825.307919025,0.538613021,0.413241327,3.823462248,0.997380912,-0.055215955,0.045739643,0.009510391
1653512825.374938488,0.538613021,0.413241327,3.823462248,0.997380912,-0.055215955,0.045739643,0.009510391
1653512825.441978216,0.528705955,0.430487037,3.981421232,0.997279584,-0.057021581,0.045887530,0.008733628
1653512825.507482290,0.528705955,0.430487037,3.981421232,0.997279584,-0.057021581,0.045887530,0.008733628
1653512825.573904276,0.519332349,0.454594404,4.122542381,0.997304440,-0.056983333,0.045304559,0.009176414
1653512825.640503645,0.519332349,0.454594404,4.122542381,0.997304440,-0.056983333,0.045304559,0.009176414
1653512825.707729578,0.517492533,0.481802583,4.275747299,0.997398376,-0.057651300,0.042506553,0.008120385
1653512825.777918339,0.517492533,0.481802583,4.275747299,0.997398376,-0.057651300,0.042506553,0.008120385
1653512825.840807438,0.509939015,0.508322656,4.422075272,0.997467339,-0.058426831,0.040075529,0.006262647
1653512825.907316208,0.509939015,0.508322656,4.422075272,0.997467339,-0.058426831,0.040075529,0.006262647
1653512825.974025488,0.495289803,0.534523368,4.569813251,0.997600198,-0.057824753,0.037770819,0.004849416
1653512826.041831493,0.495289803,0.534523368,4.569813251,0.997600198,-0.057824753,0.037770819,0.004849416
1653512826.107412338,0.480320662,0.556969643,4.709236622,0.997654915,-0.057780698,0.036470469,0.003988823
1653512826.173888683,0.480320662,0.556969643,4.709236622,0.997654915,-0.057780698,0.036470469,0.003988823
1653512826.241801977,0.458287507,0.577205122,4.870397568,0.997727036,-0.056842368,0.035928112,0.004346552
1653512826.307502747,0.458287507,0.577205122,4.870397568,0.997727036,-0.056842368,0.035928112,0.004346552
1653512826.374250174,0.436537296,0.589991987,5.034492970,0.997754335,-0.056444019,0.035621587,0.005603747
1653512826.441152334,0.436537296,0.589991987,5.034492970,0.997754335,-0.056444019,0.035621587,0.005603747
1653512826.507391930,0.415098637,0.584684491,5.180320740,0.997722328,-0.057044361,0.035082363,0.008084204
1653512826.574182510,0.415098637,0.584684491,5.180320740,0.997722328,-0.057044361,0.035082363,0.008084204
1653512826.640950441,0.404091626,0.576881289,5.361888409,0.997665882,-0.058002733,0.034241334,0.011227050
1653512826.707667112,0.404091626,0.576881289,5.361888409,0.997665882,-0.058002733,0.034241334,0.011227050
1653512826.779470682,0.403461456,0.572245181,5.555751324,0.997606277,-0.059216898,0.032340616,0.015136567
1653512826.840456247,0.403461456,0.572245181,5.555751324,0.997606277,-0.059216898,0.032340616,0.015136567
1653512826.907319307,0.395914078,0.557452381,5.724813938,0.997498095,-0.060496241,0.031688839,0.018264126
1653512826.974922657,0.395914078,0.557452381,5.724813938,0.997498095,-0.060496241,0.031688839,0.018264126
1653512827.040502787,0.383070230,0.551120579,5.923606396,0.997310817,-0.062358513,0.032324828,0.020920243
1653512827.107527733,0.383070230,0.551120579,5.923606396,0.997310817,-0.062358513,0.032324828,0.020920243
1653512827.173978329,0.373456925,0.551968753,6.124228954,0.997155488,-0.063902587,0.033223066,0.022216840
1653512827.240526915,0.373456925,0.551968753,6.124228954,0.997155488,-0.063902587,0.033223066,0.022216840
1653512827.307351351,0.363824725,0.560249686,6.328329086,0.997032106,-0.065270849,0.033928517,0.022706034
1653512827.375031233,0.363824725,0.560249686,6.328329086,0.997032106,-0.065270849,0.033928517,0.022706034
1653512827.443110466,0.360920966,0.569226444,6.540172100,0.996887326,-0.067308374,0.034653537,0.022007266
1653512827.507909298,0.360920966,0.569226444,6.540172100,0.996887326,-0.067308374,0.034653537,0.022007266
1653512827.574129581,0.358451039,0.581952393,6.747288704,0.996750236,-0.069028117,0.035613790,0.021348141
1653512827.641662359,0.358451039,0.581952393,6.747288704,0.996750236,-0.069028117,0.035613790,0.021348141
1653512827.707229853,0.360636443,0.599327803,6.958169937,0.996672750,-0.070506647,0.035595700,0.020128351
1653512827.773844481,0.360636443,0.599327803,6.958169937,0.996672750,-0.070506647,0.035595700,0.020128351
1653512827.840505838,0.367490262,0.614775896,7.166594028,0.996586323,-0.072356798,0.034956809,0.018926419
1653512827.909805536,0.367490262,0.614775896,7.166594028,0.996586323,-0.072356798,0.034956809,0.018926419
1653512827.974168301,0.370602518,0.622511864,7.375502586,0.996537626,-0.074093826,0.033561092,0.017221034
1653512828.040520906,0.370602518,0.622511864,7.375502586,0.996537626,-0.074093826,0.033561092,0.017221034
1653512828.107309103,0.374343663,0.629069626,7.577605247,0.996517539,-0.075588778,0.031188536,0.016322430
1653512828.174336910,0.374343663,0.629069626,7.577605247,0.996517539,-0.075588778,0.031188536,0.016322430
1653512828.240716457,0.385928899,0.643380761,7.775787830,0.996513069,-0.076995865,0.027782023,0.016170276
1653512828.308930159,0.385928899,0.643380761,7.775787830,0.996513069,-0.076995865,0.027782023,0.016170276
1653512828.374763012,0.402957648,0.659146011,7.980172157,0.996541321,-0.078008391,0.024154365,0.015381708
1653512828.446631670,0.402957648,0.659146011,7.980172157,0.996541321,-0.078008391,0.024154365,0.015381708
1653512828.507409334,0.432067811,0.675982535,8.171823502,0.996554017,-0.078969389,0.020677380,0.014709558
1653512828.574638605,0.432067811,0.675982535,8.171823502,0.996554017,-0.078969389,0.020677380,0.014709558
1653512828.641729355,0.486027747,0.668727040,8.369833946,0.996591747,-0.080066621,0.015300146,0.012654244
1653512828.708127260,0.486027747,0.668727040,8.369833946,0.996591747,-0.080066621,0.015300146,0.012654244
1653512828.773903131,0.554465652,0.652526081,8.552289963,0.996613443,-0.080860898,0.009618260,0.011431957
1653512828.840569973,0.554465652,0.652526081,8.552289963,0.996613443,-0.080860898,0.009618260,0.011431957
1653512828.907662868,0.638403296,0.639830649,8.726003647,0.996608198,-0.081573769,0.003139502,0.010390347
1653512828.974140644,0.638403296,0.639830649,8.726003647,0.996608198,-0.081573769,0.003139502,0.010390347
1653512829.045400858,0.737997949,0.613015711,8.897501945,0.996528625,-0.082644358,-0.004375255,0.009029068
1653512829.107213497,0.737997949,0.613015711,8.897501945,0.996528625,-0.082644358,-0.004375255,0.009029068
1653512829.173899174,0.842109680,0.573630631,9.053942680,0.996427417,-0.083269000,-0.011745679,0.007791404
1653512829.240454197,0.842109680,0.573630631,9.053942680,0.996427417,-0.083269000,-0.011745679,0.007791404
1653512829.309288979,0.959527850,0.543901563,9.275611877,0.996344745,-0.083457530,-0.016875211,0.006869877
1653512829.374239683,0.959527850,0.543901563,9.275611877,0.996344745,-0.083457530,-0.016875211,0.006869877
1653512829.441844702,1.074802041,0.515900195,9.501264572,0.996223032,-0.083825849,-0.021774748,0.006224971
1653512829.508753777,1.074802041,0.515900195,9.501264572,0.996223032,-0.083825849,-0.021774748,0.006224971
1653512829.573857546,1.209888816,0.480253190,9.739575386,0.996148586,-0.083742492,-0.025033193,0.006968277
1653512829.640582085,1.209888816,0.480253190,9.739575386,0.996148586,-0.083742492,-0.025033193,0.006968277
1653512829.708574533,1.373802304,0.419833869,9.956277847,0.996032715,-0.083659038,-0.029433336,0.007324704
1653512829.774174690,1.373802304,0.419833869,9.956277847,0.996032715,-0.083659038,-0.029433336,0.007324704
1653512829.840387106,1.569423199,0.357027173,10.166113853,0.995908499,-0.083365485,-0.033642612,0.009200946
1653512829.907176256,1.569423199,0.357027173,10.166113853,0.995908499,-0.083365485,-0.033642612,0.009200946
1653512829.973890305,1.799936175,0.321408153,10.389207840,0.995793819,-0.082935169,-0.037012521,0.012102489
1653512830.040842295,1.799936175,0.321408153,10.389207840,0.995793819,-0.082935169,-0.037012521,0.012102489
1653512830.108997345,2.061000347,0.261259407,10.639985085,0.995741665,-0.082070120,-0.039525311,0.014170160
1653512830.174177647,2.061000347,0.261259407,10.639985085,0.995741665,-0.082070120,-0.039525311,0.014170160
1653512830.241082430,2.339616776,0.199230134,10.871116638,0.995642364,-0.082177043,-0.041378964,0.015198139
1653512830.307656527,2.339616776,0.199230134,10.871116638,0.995642364,-0.082177043,-0.041378964,0.015198139
1653512830.376114607,2.652364492,0.133768171,11.097322464,0.995644927,-0.081342734,-0.042248692,0.017016012
1653512830.440618515,2.652364492,0.133768171,11.097322464,0.995644927,-0.081342734,-0.042248692,0.017016012
1653512830.507997274,2.987457275,0.070752680,11.310433388,0.995714784,-0.080477983,-0.041413199,0.018982606
1653512830.575540066,2.987457275,0.070752680,11.310433388,0.995714784,-0.080477983,-0.041413199,0.018982606
1653512830.640739679,3.376240015,0.085522518,11.598834991,0.995756626,-0.080041938,-0.039828092,0.021810962
1653512830.707300186,3.376240015,0.085522518,11.598834991,0.995756626,-0.080041938,-0.039828092,0.021810962
1653512830.774061918,3.788807631,0.054566927,11.871257782,0.995851696,-0.078880198,-0.038862705,0.023389185
1653512830.844147444,3.788807631,0.054566927,11.871257782,0.995851696,-0.078880198,-0.038862705,0.023389185
1653512830.907950401,-2.944384098,3.040488243,12.147085190,0.460152954,0.886667728,0.007855527,0.044921044
1653512830.973817825,-2.944384098,3.040488243,12.147085190,0.460152954,0.886667728,0.007855527,0.044921044
1653512831.041761875,-3.238209486,3.408885002,12.394970894,0.459104478,0.887129664,0.008866299,0.046319120
1653512831.109073639,-3.238209486,3.408885002,12.394970894,0.459104478,0.887129664,0.008866299,0.046319120
1653512831.173763514,-3.540843248,3.786915541,12.606356621,0.457708329,0.887757957,0.009016819,0.048037641
1653512831.240648508,-3.540843248,3.786915541,12.606356621,0.457708329,0.887757957,0.009016819,0.048037641
1653512831.307424784,-3.863722801,4.191259861,12.798557281,0.456449986,0.888368666,0.009371590,0.048648562
1653512831.374067068,-3.863722801,4.191259861,12.798557281,0.456449986,0.888368666,0.009371590,0.048648562
1653512831.440702915,-4.201532364,4.617767334,12.983336449,0.455382198,0.888897598,0.009526419,0.048962850
1653512831.508789062,-4.201532364,4.617767334,12.983336449,0.455382198,0.888897598,0.009526419,0.048962850
1653512831.574509621,-4.562312603,5.064836979,13.168395996,0.454667419,0.889269054,0.008948510,0.048969328
1653512831.640490294,-4.562312603,5.064836979,13.168395996,0.454667419,0.889269054,0.008948510,0.048969328
1653512831.707315445,-4.920556545,5.519662380,13.359117508,0.454358131,0.889422715,0.008214016,0.049177274
1653512831.773789644,-4.920556545,5.519662380,13.359117508,0.454358131,0.889422715,0.008214016,0.049177274
1653512831.840819359,-5.330723763,6.007048130,13.541503906,0.454082340,0.889565527,0.008035814,0.049171422
1653512831.910394430,-5.330723763,6.007048130,13.541503906,0.454082340,0.889565527,0.008035814,0.049171422
1653512831.974556684,-5.743668556,6.508256912,13.710383415,0.453529090,0.889876902,0.007743267,0.048687845
1653512832.043035984,-5.743668556,6.508256912,13.710383415,0.453529090,0.889876902,0.007743267,0.048687845
1653512832.107913971,-6.184947014,7.039223194,13.877357483,0.453424364,0.889935195,0.007282726,0.048669253
1653512832.173868895,-6.184947014,7.039223194,13.877357483,0.453424364,0.889935195,0.007282726,0.048669253
1653512832.243492126,-6.656132221,7.597957134,14.044132233,0.454038322,0.889629304,0.006167523,0.048691057
1653512832.307462215,-6.656132221,7.597957134,14.044132233,0.454038322,0.889629304,0.006167523,0.048691057
1653512832.374958754,-7.117456436,8.144163132,14.194766045,0.454586536,0.889387071,0.005918381,0.048027869
1653512832.440762520,-7.117456436,8.144163132,14.194766045,0.454586536,0.889387071,0.005918381,0.048027869
1653512832.507258654,-7.596441746,8.722628593,14.340397835,0.455934942,0.888735950,0.004942122,0.047406401
1653512832.574021339,-7.596441746,8.722628593,14.340397835,0.455934942,0.888735950,0.004942122,0.047406401
1653512832.642671347,-8.118398666,9.332307816,14.481072426,0.456859976,0.888252079,0.003807877,0.047673155
1653512832.707653761,-8.118398666,9.332307816,14.481072426,0.456859976,0.888252079,0.003807877,0.047673155
1653512832.774160385,-8.636086464,9.946602821,14.615065575,0.457849503,0.887785494,0.002631762,0.046945013
1653512832.840868950,-8.636086464,9.946602821,14.615065575,0.457849503,0.887785494,0.002631762,0.046945013
1653512832.907457829,-9.170042038,10.577082634,14.745130539,0.459326684,0.887038112,0.002279136,0.046660438
1653512832.974725246,-9.170042038,10.577082634,14.745130539,0.459326684,0.887038112,0.002279136,0.046660438
1653512833.041891813,-9.732174873,11.235230446,14.869623184,0.459759921,0.886795342,0.001832977,0.047026560
1653512833.108919859,-9.732174873,11.235230446,14.869623184,0.459759921,0.886795342,0.001832977,0.047026560
1653512833.175065041,-10.273381233,11.875004768,14.983776093,0.460367829,0.886443913,0.002612840,0.047664098
1653512833.240771294,-10.273381233,11.875004768,14.983776093,0.460367829,0.886443913,0.002612840,0.047664098
1653512833.307398081,-10.851324081,12.557811737,15.097287178,0.461189687,0.885979474,0.003838601,0.048267707
1653512833.374276161,-10.851324081,12.557811737,15.097287178,0.461189687,0.885979474,0.003838601,0.048267707
1653512833.440831900,-11.441140175,13.250715256,15.208498955,0.461095363,0.885989189,0.005187913,0.048860088
1653512833.508332491,-11.441140175,13.250715256,15.208498955,0.461095363,0.885989189,0.005187913,0.048860088
1653512833.574023247,-12.058253288,13.977182388,15.327819824,0.461319685,0.885863960,0.006197227,0.048895735
1653512833.640842915,-12.058253288,13.977182388,15.327819824,0.461319685,0.885863960,0.006197227,0.048895735
1653512833.707420111,-12.637703896,14.673968315,15.452579498,0.461654127,0.885769486,0.007884302,0.047177389
1653512833.773865700,-12.637703896,14.673968315,15.452579498,0.461654127,0.885769486,0.007884302,0.047177389
1653512833.840772629,-13.307535172,15.462106705,15.575475693,0.461380810,0.885907352,0.009103853,0.047043018
1653512833.908297777,-13.307535172,15.462106705,15.575475693,0.461380810,0.885907352,0.009103853,0.047043018
1653512833.974362612,-13.870387077,16.152446747,15.696761131,0.461993158,0.885611832,0.010963383,0.046193220
1653512834.040502787,-13.870387077,16.152446747,15.696761131,0.461993158,0.885611832,0.010963383,0.046193220
1653512834.107506275,-14.597794533,16.996976852,15.810985565,0.462458462,0.885296345,0.012674167,0.047137409
1653512834.173967838,-14.597794533,16.996976852,15.810985565,0.462458462,0.885296345,0.012674167,0.047137409
1653512834.240401983,-15.250762939,17.772645950,15.927710533,0.462663114,0.885175228,0.014607797,0.046843164
1653512834.307100058,-15.250762939,17.772645950,15.927710533,0.462663114,0.885175228,0.014607797,0.046843164
1653512834.378053188,-15.964601517,18.598907471,16.052867889,0.463713914,0.884622633,0.016885316,0.046120480
1653512834.443595648,-15.964601517,18.598907471,16.052867889,0.463713914,0.884622633,0.016885316,0.046120480
1653512834.507271528,-16.634506226,19.374973297,16.168422699,0.464176834,0.884392500,0.018565208,0.045222364
1653512834.574262857,-16.634506226,19.374973297,16.168422699,0.464176834,0.884392500,0.018565208,0.045222364
1653512834.640794992,-17.379442215,20.228643417,16.288106918,0.464560717,0.884212196,0.019560996,0.044378694
1653512834.707291842,-17.379442215,20.228643417,16.288106918,0.464560717,0.884212196,0.019560996,0.044378694
1653512834.773860931,-18.117227554,21.071628571,16.405677795,0.465526134,0.883743525,0.019974899,0.043402493
1653512834.843935490,-18.117227554,21.071628571,16.405677795,0.465526134,0.883743525,0.019974899,0.043402493
1653512834.907546282,-18.903619766,21.953197479,16.521919250,0.465476453,0.883787036,0.020516114,0.042793375
1653512834.973849297,-18.903619766,21.953197479,16.521919250,0.465476453,0.883787036,0.020516114,0.042793375
1653512835.045139313,-19.731731415,22.876176834,16.645870209,0.465619951,0.883732200,0.021104876,0.042072330
1653512835.107106924,-19.731731415,22.876176834,16.645870209,0.465619951,0.883732200,0.021104876,0.042072330
1653512835.173822403,-20.508308411,23.731973648,16.757207870,0.465233684,0.883947849,0.020989712,0.041871596
1653512835.241779804,-20.508308411,23.731973648,16.757207870,0.465233684,0.883947849,0.020989712,0.041871596
1653512835.307476282,-21.338695526,24.641128540,16.875213623,0.464888632,0.884189963,0.020916278,0.040610626
1653512835.373833656,-21.338695526,24.641128540,16.875213623,0.464888632,0.884189963,0.020916278,0.040610626
1653512835.440548658,-22.066394806,25.455179214,17.001708984,0.464459509,0.884501934,0.020888681,0.038695119
1653512835.507376432,-22.066394806,25.455179214,17.001708984,0.464459509,0.884501934,0.020888681,0.038695119
1653512835.573771954,-23.012212753,26.467647552,17.115533829,0.462892741,0.885340214,0.018773718,0.039377280
1653512835.640853405,-23.012212753,26.467647552,17.115533829,0.462892741,0.885340214,0.018773718,0.039377280
1653512835.707485437,-23.771409988,27.315826416,17.252792358,0.462242842,0.885788023,0.018021559,0.037233386
1653512835.775864363,-23.771409988,27.315826416,17.252792358,0.462242842,0.885788023,0.018021559,0.037233386
1653512835.840435982,-24.654321671,28.289339066,17.377950668,0.461859673,0.886040270,0.016074620,0.036876153
1653512835.907118559,-24.654321671,28.289339066,17.377950668,0.461859673,0.886040270,0.016074620,0.036876153
1653512835.973936558,-25.534524918,29.266580582,17.507398605,0.461429924,0.886291206,0.016095497,0.036212001
1653512836.040410042,-25.534524918,29.266580582,17.507398605,0.461429924,0.886291206,0.016095497,0.036212001
1653512836.108150482,-26.398984909,30.238782883,17.642271042,0.461643130,0.886201143,0.014796190,0.036253117
1653512836.174307108,-26.398984909,30.238782883,17.642271042,0.461643130,0.886201143,0.014796190,0.036253117
1653512836.240762472,-27.229513168,31.177648544,17.775571823,0.461989880,0.886025071,0.013775393,0.036540583
1653512836.307159901,-27.229513168,31.177648544,17.775571823,0.461989880,0.886025071,0.013775393,0.036540583
1653512836.374496460,-28.192159653,32.250080109,17.905799866,0.463488907,0.885226130,0.012481153,0.037375391
1653512836.440512419,-28.192159653,32.250080109,17.905799866,0.463488907,0.885226130,0.012481153,0.037375391
1653512836.507168293,-29.083490372,33.255809784,18.037250519,0.465275288,0.884311259,0.011673317,0.037097249
1653512836.574898720,-29.083490372,33.255809784,18.037250519,0.465275288,0.884311259,0.011673317,0.037097249
1653512836.640424728,-30.023197174,34.309471130,18.170362473,0.467131972,0.883364201,0.009220114,0.037018951
1653512836.707242966,-30.023197174,34.309471130,18.170362473,0.467131972,0.883364201,0.009220114,0.037018951
1653512836.773682833,-30.988117218,35.389423370,18.308477402,0.468612790,0.882607520,0.006705838,0.036892366
1653512836.844734669,-30.988117218,35.389423370,18.308477402,0.468612790,0.882607520,0.006705838,0.036892366
1653512836.907237291,-31.904071808,36.433982849,18.456806183,0.469775617,0.882042587,0.004073914,0.035988271
1653512836.975813866,-31.904071808,36.433982849,18.456806183,0.469775617,0.882042587,0.004073914,0.035988271
1653512837.041021109,-32.879665375,37.544349670,18.608362198,0.471263111,0.881299973,0.002829753,0.034834601
1653512837.107034922,-32.879665375,37.544349670,18.608362198,0.471263111,0.881299973,0.002829753,0.034834601
1653512837.174013615,-33.859741211,38.668811798,18.763370514,0.471841484,0.880987287,0.001512230,0.034996398
1653512837.240339518,-33.859741211,38.668811798,18.763370514,0.471841484,0.880987287,0.001512230,0.034996398
1653512837.307429552,-34.822658539,39.774372101,18.930257797,0.472571611,0.880628228,0.003093143,0.034064125
1653512837.374975920,-34.822658539,39.774372101,18.930257797,0.472571611,0.880628228,0.003093143,0.034064125
1653512837.440667152,-35.824558258,40.921333313,19.102907181,0.473077387,0.880360901,0.003162666,0.033948313
1653512837.507637501,-35.824558258,40.921333313,19.102907181,0.473077387,0.880360901,0.003162666,0.033948313
1653512837.576929808,-36.805088043,42.055595398,19.295125961,0.472320855,0.880867660,0.004666755,0.031038439
1653512837.640337944,-36.805088043,42.055595398,19.295125961,0.472320855,0.880867660,0.004666755,0.031038439
1653512837.707041264,-37.884243011,43.282890320,19.469196320,0.472307354,0.880895853,0.005444276,0.030309493
1653512837.773886204,-37.884243011,43.282890320,19.469196320,0.472307354,0.880895853,0.005444276,0.030309493
1653512837.840894699,-38.846229553,44.424510956,19.666755676,0.473260790,0.880458117,0.006525853,0.027841311
1653512837.907663107,-38.846229553,44.424510956,19.666755676,0.473260790,0.880458117,0.006525853,0.027841311
1653512837.974627256,-39.903724670,45.661411285,19.859716415,0.473619878,0.880315423,0.008118378,0.025749747
1653512838.041607857,-39.903724670,45.661411285,19.859716415,0.473619878,0.880315423,0.008118378,0.025749747
1653512838.107526541,-40.880870819,46.837242126,20.065540314,0.473679304,0.880359173,0.009743416,0.022376694
1653512838.174220085,-40.880870819,46.837242126,20.065540314,0.473679304,0.880359173,0.009743416,0.022376694
1653512838.240753889,-41.954505920,48.118385315,20.275421143,0.473427713,0.880555332,0.010469037,0.019465523
1653512838.307162046,-41.954505920,48.118385315,20.275421143,0.473427713,0.880555332,0.010469037,0.019465523
1653512838.374204636,-43.032882690,49.406505585,20.487474442,0.472634315,0.880995929,0.011888938,0.017933527
1653512838.440301418,-43.032882690,49.406505585,20.487474442,0.472634315,0.880995929,0.011888938,0.017933527
1653512838.507134914,-44.063743591,50.653831482,20.700235367,0.471881688,0.881434202,0.014113914,0.014221062
1653512838.573659182,-44.063743591,50.653831482,20.700235367,0.471881688,0.881434202,0.014113914,0.014221062
1653512838.640378952,-44.977355957,51.794250488,20.921670914,0.470964879,0.881933987,0.014840324,0.012818150
1653512838.707312584,-44.977355957,51.794250488,20.921670914,0.470964879,0.881933987,0.014840324,0.012818150
1653512838.774771452,-46.030124664,53.075347900,21.138208389,0.469762474,0.882568896,0.016106635,0.011657950
1653512838.840499163,-46.030124664,53.075347900,21.138208389,0.469762474,0.882568896,0.016106635,0.011657950
1653512838.907967567,-47.025588989,54.309028625,21.364953995,0.468354136,0.883324385,0.016634893,0.010281441
1653512838.974539518,-47.025588989,54.309028625,21.364953995,0.468354136,0.883324385,0.016634893,0.010281441
1653512839.041153908,-47.979221344,55.517456055,21.589155197,0.466644228,0.884221315,0.017063528,0.010229916
1653512839.107644796,-47.979221344,55.517456055,21.589155197,0.466644228,0.884221315,0.017063528,0.010229916
1653512839.174096346,-49.099422455,56.897129059,21.809103012,0.464875549,0.885147750,0.017292898,0.010253554
1653512839.240467072,-49.099422455,56.897129059,21.809103012,0.464875549,0.885147750,0.017292898,0.010253554
1653512839.310388088,-50.029949188,58.097839355,22.055534363,0.462896734,0.886170924,0.018068720,0.010059367
1653512839.373733521,-50.029949188,58.097839355,22.055534363,0.462896734,0.886170924,0.018068720,0.010059367
1653512839.440487862,-51.138969421,59.464405060,22.282047272,0.460418165,0.887447298,0.018734461,0.010073127
1653512839.512637138,-51.138969421,59.464405060,22.282047272,0.460418165,0.887447298,0.018734461,0.010073127
1653512839.573588848,-52.264183044,60.855281830,22.518692017,0.457979858,0.888668716,0.019567752,0.011811315
1653512839.640308857,-52.264183044,60.855281830,22.518692017,0.457979858,0.888668716,0.019567752,0.011811315
1653512839.707004309,-53.262683868,62.124351501,22.769897461,0.456293195,0.889488161,0.022104813,0.010894949
1653512839.774083853,-53.262683868,62.124351501,22.769897461,0.456293195,0.889488161,0.022104813,0.010894949
1653512839.840900183,-54.380920410,63.510471344,23.024225235,0.454376370,0.890416384,0.023644771,0.011903188
1653512839.910227060,-54.380920410,63.510471344,23.024225235,0.454376370,0.890416384,0.023644771,0.011903188
1653512839.973868608,-55.496269226,64.892730713,23.285240173,0.452724129,0.891205966,0.025549337,0.011831675
1653512840.040332794,-55.496269226,64.892730713,23.285240173,0.452724129,0.891205966,0.025549337,0.011831675
1653512840.107358456,-56.597263336,66.253700256,23.559476852,0.451393992,0.891798139,0.028480694,0.011329826
1653512840.173675776,-56.597263336,66.253700256,23.559476852,0.451393992,0.891798139,0.028480694,0.011329826
1653512840.240712881,-57.776466370,67.699539185,23.838542938,0.449691594,0.892594635,0.030227460,0.011770532
1653512840.307366371,-57.776466370,67.699539185,23.838542938,0.449691594,0.892594635,0.030227460,0.011770532
1653512840.373807669,-58.910934448,69.112236023,24.124120712,0.447695702,0.893587649,0.030909650,0.010690725
1653512840.440238714,-58.910934448,69.112236023,24.124120712,0.447695702,0.893587649,0.030909650,0.010690725
1653512840.507864475,-60.080009460,70.559890747,24.409156799,0.446883291,0.893941283,0.032044116,0.011723368
1653512840.573940039,-60.080009460,70.559890747,24.409156799,0.446883291,0.893941283,0.032044116,0.011723368
1653512840.640575647,-61.181007385,71.944717407,24.699399948,0.446670055,0.894012570,0.033232879,0.011089666
1653512840.707348108,-61.181007385,71.944717407,24.699399948,0.446670055,0.894012570,0.033232879,0.011089666
1653512840.775858879,-62.260879517,73.304077148,24.996456146,0.445748061,0.894468904,0.033033751,0.011949191
1653512840.840457201,-62.260879517,73.304077148,24.996456146,0.445748061,0.894468904,0.033033751,0.011949191
1653512840.907148361,-63.439479828,74.749710083,25.281381607,0.445738703,0.894466877,0.032765530,0.013130110
1653512840.975308895,-63.439479828,74.749710083,25.281381607,0.445738703,0.894466877,0.032765530,0.013130110
1653512841.043230295,-64.659049988,76.233963013,25.592458725,0.445209235,0.894794285,0.031038556,0.012981414
1653512841.107460976,-64.659049988,76.233963013,25.592458725,0.445209235,0.894794285,0.031038556,0.012981414
1653512841.173933268,-65.744628906,77.562362671,25.894638062,0.443841994,0.895521164,0.029543476,0.013163092
1653512841.240349770,-65.744628906,77.562362671,25.894638062,0.443841994,0.895521164,0.029543476,0.013163092
1653512841.308150530,-66.949966431,79.017913818,26.211820602,0.442488581,0.896208584,0.028888669,0.013397255
1653512841.374107361,-66.949966431,79.017913818,26.211820602,0.442488581,0.896208584,0.028888669,0.013397255
1653512841.440967560,-68.029037476,80.341949463,26.537195206,0.440994173,0.896935761,0.029463222,0.012737846
1653512841.507289171,-68.029037476,80.341949463,26.537195206,0.440994173,0.896935761,0.029463222,0.012737846
1653512841.573891401,-69.259597778,81.817108154,26.870893478,0.438445121,0.898122072,0.031172162,0.013071844
1653512841.640605211,-69.259597778,81.817108154,26.870893478,0.438445121,0.898122072,0.031172162,0.013071844
1653512841.707196474,-70.626708984,83.421577454,27.212982178,0.435831457,0.899315119,0.032690842,0.014646432
1653512841.776911497,-70.626708984,83.421577454,27.212982178,0.435831457,0.899315119,0.032690842,0.014646432
1653512841.840792656,-71.706962585,84.738784790,27.561943054,0.432595551,0.900748551,0.036205396,0.014224307
1653512841.908158064,-71.706962585,84.738784790,27.561943054,0.432595551,0.900748551,0.036205396,0.014224307
1653512841.974421263,-73.077842712,86.341323853,27.919206619,0.429544389,0.902050495,0.039260209,0.015973220
1653512842.040669680,-73.077842712,86.341323853,27.919206619,0.429544389,0.902050495,0.039260209,0.015973220
1653512842.107203007,-74.205421448,87.692993164,28.284328461,0.426431507,0.903314114,0.043660399,0.016539723
1653512842.174421549,-74.205421448,87.692993164,28.284328461,0.426431507,0.903314114,0.043660399,0.016539723
1653512842.241288185,-75.496597290,89.191963196,28.651105881,0.423353404,0.904438555,0.049279995,0.018283788
1653512842.308107138,-75.496597290,89.191963196,28.651105881,0.423353404,0.904438555,0.049279995,0.018283788
1653512842.374579906,-76.756309509,90.655448914,29.022752762,0.420400530,0.905550838,0.053369861,0.019817291
1653512842.440378666,-76.756309509,90.655448914,29.022752762,0.420400530,0.905550838,0.053369861,0.019817291
1653512842.507033110,-77.922546387,92.019096375,29.378368378,0.417918622,0.906526685,0.055905975,0.020687468
1653512842.574024677,-77.922546387,92.019096375,29.378368378,0.417918622,0.906526685,0.055905975,0.020687468
1653512842.642196894,-79.253158569,93.522171021,29.751882553,0.415538996,0.907504916,0.057403348,0.021611104
1653512842.707261086,-79.253158569,93.522171021,29.751882553,0.415538996,0.907504916,0.057403348,0.021611104
1653512842.774022102,-80.637168884,95.041275024,30.119262695,0.413331360,0.908479810,0.057842020,0.021815468
1653512842.841087818,-80.637168884,95.041275024,30.119262695,0.413331360,0.908479810,0.057842020,0.021815468
1653512842.906976223,-82.000923157,96.503608704,30.487377167,0.411219686,0.909492731,0.056770712,0.022325646
1653512842.973526716,-82.000923157,96.503608704,30.487377167,0.411219686,0.909492731,0.056770712,0.022325646
1653512843.040812016,-83.345054626,97.928787231,30.854804993,0.408137053,0.911009073,0.054810066,0.021965910
1653512843.107876062,-83.345054626,97.928787231,30.854804993,0.408137053,0.911009073,0.054810066,0.021965910
1653512843.173666239,-84.820358276,99.442138672,31.216613770,0.404547602,0.912753046,0.052213255,0.022291292
1653512843.240511179,-84.820358276,99.442138672,31.216613770,0.404547602,0.912753046,0.052213255,0.022291292
1653512843.307062149,-86.361915588,100.989120483,31.577348709,0.400811821,0.914534569,0.049493890,0.022952225
1653512843.374114990,-86.361915588,100.989120483,31.577348709,0.400811821,0.914534569,0.049493890,0.022952225
1653512843.440768480,-87.843246460,102.475273132,31.939519882,0.397287995,0.916206777,0.047053903,0.022657886
1653512843.507530451,-87.843246460,102.475273132,31.939519882,0.397287995,0.916206777,0.047053903,0.022657886
1653512843.574000597,-89.101020813,103.752441406,32.298305511,0.393179566,0.918120265,0.044788841,0.021423912
1653512843.640501261,-89.101020813,103.752441406,32.298305511,0.393179566,0.918120265,0.044788841,0.021423912
1653512843.707052469,-90.745277405,105.372932434,32.667003632,0.389756858,0.919624388,0.043418717,0.022258136
1653512843.773710728,-90.745277405,105.372932434,32.667003632,0.389756858,0.919624388,0.043418717,0.022258136
1653512843.842285633,-92.299240112,106.903289795,33.036544800,0.386918902,0.920764923,0.044107277,0.023244431
1653512843.908481836,-92.299240112,106.903289795,33.036544800,0.386918902,0.920764923,0.044107277,0.023244431
1653512843.973640203,-93.827033997,108.392387390,33.402141571,0.383981198,0.921952486,0.044692133,0.023763958
1653512844.041793108,-93.827033997,108.392387390,33.402141571,0.383981198,0.921952486,0.044692133,0.023763958
1653512844.107013464,-95.309043884,109.842453003,33.773067474,0.382337213,0.922522604,0.046841811,0.024003316
1653512844.177673817,-95.309043884,109.842453003,33.773067474,0.382337213,0.922522604,0.046841811,0.024003316
1653512844.246352911,-96.750511169,111.254280090,34.166843414,0.380868673,0.923029661,0.049345188,0.022810582
1653512844.307249069,-96.750511169,111.254280090,34.166843414,0.380868673,0.923029661,0.049345188,0.022810582
1653512844.376832724,-98.429908752,112.835807800,34.541801453,0.379709572,0.923400998,0.050942369,0.023582542
1653512844.440930367,-98.429908752,112.835807800,34.541801453,0.379709572,0.923400998,0.050942369,0.023582542
1653512844.507576704,-99.836746216,114.174942017,34.909690857,0.378753692,0.923699617,0.052955087,0.022812892
1653512844.573823452,-99.836746216,114.174942017,34.909690857,0.378753692,0.923699617,0.052955087,0.022812892
1653512844.640365124,-101.350471497,115.584701538,35.282562256,0.377986968,0.923950553,0.054514471,0.021665949
1653512844.706954002,-101.350471497,115.584701538,35.282562256,0.377986968,0.923950553,0.054514471,0.021665949
1653512844.774019241,-103.122985840,117.178169250,35.663467407,0.376418144,0.924557865,0.054796208,0.022350276
1653512844.841531515,-103.122985840,117.178169250,35.663467407,0.376418144,0.924557865,0.054796208,0.022350276
1653512844.907964706,-104.788269043,118.654502869,36.044387817,0.374313384,0.925408959,0.055193223,0.021481786
1653512844.973958254,-104.788269043,118.654502869,36.044387817,0.374313384,0.925408959,0.055193223,0.021481786
1653512845.040398836,-106.523551941,120.164604187,36.424659729,0.372073025,0.926388264,0.054231729,0.020623591
1653512845.107657433,-106.523551941,120.164604187,36.424659729,0.372073025,0.926388264,0.054231729,0.020623591
1653512845.174439430,-108.043563843,121.493400574,36.809310913,0.369825661,0.927357137,0.053646699,0.018967845
1653512845.245048046,-108.043563843,121.493400574,36.809310913,0.369825661,0.927357137,0.053646699,0.018967845
1653512845.308131218,-109.726608276,122.937461853,37.192008972,0.368293732,0.928096116,0.051650047,0.018154137
1653512845.373880386,-109.726608276,122.937461853,37.192008972,0.368293732,0.928096116,0.051650047,0.018154137
1653512845.440932989,-111.503898621,124.446907043,37.569625854,0.367079198,0.928704679,0.049212143,0.018402508
1653512845.507134914,-111.503898621,124.446907043,37.569625854,0.367079198,0.928704679,0.049212143,0.018402508
1653512845.573969603,-113.133865356,125.828330994,37.950641632,0.365423173,0.929476142,0.047026198,0.018126016
1653512845.640743494,-113.133865356,125.828330994,37.950641632,0.365423173,0.929476142,0.047026198,0.018126016
1653512845.707072258,-114.841453552,127.263587952,38.323905945,0.364971042,0.929781914,0.044638801,0.017580703
1653512845.774637222,-114.841453552,127.263587952,38.323905945,0.364971042,0.929781914,0.044638801,0.017580703
1653512845.841050148,-116.533561707,128.682098389,38.696899414,0.363573492,0.930475771,0.041830048,0.016714074
1653512845.906899929,-116.533561707,128.682098389,38.696899414,0.363573492,0.930475771,0.041830048,0.016714074
1653512845.973736763,-118.248184204,130.090774536,39.068668365,0.361916333,0.931235313,0.039534081,0.015948495
1653512846.041572571,-118.248184204,130.090774536,39.068668365,0.361916333,0.931235313,0.039534081,0.015948495
1653512846.107064724,-119.996528625,131.519424438,39.444534302,0.360163987,0.932076931,0.036109928,0.014512308
1653512846.179860830,-119.996528625,131.519424438,39.444534302,0.360163987,0.932076931,0.036109928,0.014512308
1653512846.242972612,-121.587600708,132.835891724,39.830966949,0.357529253,0.933267653,0.032248512,0.012016496
1653512846.307207584,-121.587600708,132.835891724,39.830966949,0.357529253,0.933267653,0.032248512,0.012016496
1653512846.373717070,-123.408180237,134.290939331,40.203136444,0.354685426,0.934504271,0.027948679,0.010902775
1653512846.441307545,-123.408180237,134.290939331,40.203136444,0.354685426,0.934504271,0.027948679,0.010902775
1653512846.507693768,-125.060066223,135.642120361,40.584381104,0.352150857,0.935591877,0.024124242,0.008698055
1653512846.576142788,-125.060066223,135.642120361,40.584381104,0.352150857,0.935591877,0.024124242,0.008698055
1653512846.641020536,-126.867118835,137.086700439,40.966503143,0.349119335,0.936813235,0.021159634,0.006991416
1653512846.706955194,-126.867118835,137.086700439,40.966503143,0.349119335,0.936813235,0.021159634,0.006991416
1653512846.773615360,-128.809249878,138.615310669,41.349925995,0.347387433,0.937505841,0.018923653,0.006832487
1653512846.840895176,-128.809249878,138.615310669,41.349925995,0.347387433,0.937505841,0.018923653,0.006832487
1653512846.907005548,-130.413558960,139.930587769,41.729854584,0.346022666,0.938044965,0.017618857,0.005430677
1653512846.973797083,-130.413558960,139.930587769,41.729854584,0.346022666,0.938044965,0.017618857,0.005430677
1653512847.040257454,-132.307907104,141.431396484,42.111900330,0.344583213,0.938597918,0.016436648,0.005121122
1653512847.107508183,-132.307907104,141.431396484,42.111900330,0.344583213,0.938597918,0.016436648,0.005121122
1653512847.175088882,-134.290115356,142.992004395,42.505931854,0.343242824,0.939106405,0.015432323,0.005032924
1653512847.240442276,-134.290115356,142.992004395,42.505931854,0.343242824,0.939106405,0.015432323,0.005032924
1653512847.307178736,-135.831649780,144.276580811,42.888450623,0.342468321,0.939410508,0.014645518,0.002973555
1653512847.373535156,-135.831649780,144.276580811,42.888450623,0.342468321,0.939410508,0.014645518,0.002973555
1653512847.443248272,-137.910049438,145.901229858,43.290420532,0.341318339,0.939839780,0.013813709,0.003492551
1653512847.507501125,-137.910049438,145.901229858,43.290420532,0.341318339,0.939839780,0.013813709,0.003492551
1653512847.573671579,-139.775680542,147.370788574,43.677318573,0.339192927,0.940621376,0.013023170,0.003152600
1653512847.640265226,-139.775680542,147.370788574,43.677318573,0.339192927,0.940621376,0.013023170,0.003152600
1653512847.707034111,-141.595687866,148.815444946,44.067626953,0.337568194,0.941219151,0.012201892,0.002321213
1653512847.774138212,-141.595687866,148.815444946,44.067626953,0.337568194,0.941219151,0.012201892,0.002321213
1653512847.840818882,-143.689514160,150.426452637,44.466793060,0.335284472,0.942049205,0.011085971,0.002181030
1653512847.907275915,-143.689514160,150.426452637,44.466793060,0.335284472,0.942049205,0.011085971,0.002181030
1653512847.974157572,-145.392303467,151.803359985,44.859546661,0.333369672,0.942738235,0.010416402,0.000861618
1653512848.040925980,-145.392303467,151.803359985,44.859546661,0.333369672,0.942738235,0.010416402,0.000861618
1653512848.108500242,-147.233566284,153.273971558,45.257373810,0.331786990,0.943297446,0.010358025,-0.000130135
1653512848.174121618,-147.233566284,153.273971558,45.257373810,0.331786990,0.943297446,0.010358025,-0.000130135
1653512848.240215540,-149.167098999,154.799438477,45.649936676,0.330665469,0.943690419,0.010427511,-0.000187609
1653512848.307149649,-149.167098999,154.799438477,45.649936676,0.330665469,0.943690419,0.010427511,-0.000187609
1653512848.374223948,-150.981170654,156.265899658,46.044364929,0.329847544,0.943973958,0.010660156,0.000266891
1653512848.440460682,-150.981170654,156.265899658,46.044364929,0.329847544,0.943973958,0.010660156,0.000266891
1653512848.507315636,-152.933547974,157.815032959,46.437278748,0.330185384,0.943848372,0.011277339,0.000861749
1653512848.578948975,-152.933547974,157.815032959,46.437278748,0.330185384,0.943848372,0.011277339,0.000861749
1653512848.647890568,-155.018630981,159.466644287,46.857078552,0.330125302,0.943863034,0.011644106,0.002054470
1653512848.708330631,-155.018630981,159.466644287,46.857078552,0.330125302,0.943863034,0.011644106,0.002054470
1653512848.774948835,-156.739440918,160.865463257,47.229064941,0.329938293,0.943932950,0.011200243,0.002411371
1653512848.842151880,-156.739440918,160.865463257,47.229064941,0.329938293,0.943932950,0.011200243,0.002411371
1653512848.907010794,-158.581878662,162.350341797,47.611640930,0.330032766,0.943900764,0.011060663,0.002727423
1653512848.973612309,-158.581878662,162.350341797,47.611640930,0.330032766,0.943900764,0.011060663,0.002727423
1653512849.040734768,-160.467651367,163.858047485,48.003444672,0.329391301,0.944128871,0.010648831,0.002937309
1653512849.108444452,-160.467651367,163.858047485,48.003444672,0.329391301,0.944128871,0.010648831,0.002937309
1653512849.173638582,-162.523330688,165.450469971,48.401763916,0.328228593,0.944538236,0.010094292,0.003411248
1653512849.240166664,-162.523330688,165.450469971,48.401763916,0.328228593,0.944538236,0.010094292,0.003411248
1653512849.307057142,-162.523330688,165.450469971,48.401763916,0.328228593,0.944538236,0.010094292,0.003411248
1653512849.380886555,-162.523330688,165.450469971,48.401763916,0.328228593,0.944538236,0.010094292,0.003411248
1653512849.440676212,-164.397216797,166.946853638,48.806018829,0.326934934,0.944999337,0.008981233,0.003020589
1653512849.507248163,-164.397216797,166.946853638,48.806018829,0.326934934,0.944999337,0.008981233,0.003020589
1653512849.574264765,-166.440170288,168.532852173,49.220779419,0.325079888,0.945642948,0.008432796,0.003379854
1653512849.641241312,-166.440170288,168.532852173,49.220779419,0.325079888,0.945642948,0.008432796,0.003379854
1653512849.707147360,-168.437164307,170.100967407,49.637672424,0.323774308,0.946091294,0.008147195,0.003886207
1653512849.774319410,-168.437164307,170.100967407,49.637672424,0.323774308,0.946091294,0.008147195,0.003886207
1653512849.843614340,-170.302276611,171.596191406,50.051326752,0.323430896,0.946207702,0.008255280,0.003913424
1653512849.906922340,-170.302276611,171.596191406,50.051326752,0.323430896,0.946207702,0.008255280,0.003913424
1653512849.973924398,-172.356597900,173.214569092,50.485610962,0.322805852,0.946418881,0.008372581,0.004191641
1653512850.040259600,-172.356597900,173.214569092,50.485610962,0.322805852,0.946418881,0.008372581,0.004191641
1653512850.107175112,-174.262130737,174.731506348,50.905139923,0.322625279,0.946472704,0.008773306,0.005041332
1653512850.173993111